candidate_id,rank,score,reasoning
CAND_0077337,1,0.983770,"Production-readiness signal: The role match is strongest where Python engineering via Python - 82 months - expert intersects with production, shipped. Paytm lists this candidate as Staff Machine Learning Engineer, with 7 years and 4 relevant product roles. Recruiting viability is strong: 95% response, open to work, last active 2026-05-26; primary concerns: 60-day notice."
CAND_0018499,2,0.974900,"Product-system pattern: Senior Machine Learning Engineer at Zomato brings 7.2 years of experience. The clearest match is Python engineering via scikit-learn - 93 months - expert; the record adds 3 relevant product roles and deployed, serving. Recruiting viability is strong: 61% response, open to work, last active 2026-05-13; no major concern detected."
CAND_0011687,3,0.974590,"Hiring-risk adjusted fit: Shortlist evidence for Senior NLP Engineer at Niramai centers on Embeddings & semantic retrieval via Embeddings - 56 months - expert. The profile shows 7.8 years of work, deployed, latency, and 2 relevant product roles. Recruiting viability is strong: 89% response, open to work, last active 2026-05-10; no major concern detected."
CAND_0079387,4,0.954650,"Career-signal synthesis: AI Engineer at Microsoft stands out through Embeddings & semantic retrieval via Sentence Transformers - 72 months - expert. The 6.9-year career record pairs production, serving with 2 relevant product roles. Recruiting viability is strong: 81% response, open to work, last active 2026-04-25; no major concern detected."
CAND_0046064,5,0.949550,"Role-specific proof: Evidence quality is led by Python engineering via Python - 40 months - expert. Current work as Senior NLP Engineer at Salesforce sits inside a 8.9-year path with deployed, serving and 3 relevant product roles. Recruiting viability is strong: 78% response, open to work, last active 2026-04-26; no major concern detected."
CAND_0081846,6,0.945910,"Grounded match rationale: The role match is strongest where Vector & hybrid search via Vector Search - 79 months - expert intersects with serving, latency. Razorpay lists this candidate as Lead AI Engineer, with 6.7 years and 2 relevant product roles. Recruiting viability is strong: 73% response, open to work, last active 2026-05-03; no major concern detected."
CAND_0002025,7,0.942970,"Product-system pattern: Senior AI Engineer at Apple earns this position through Vector & hybrid search via FAISS - 86 months - expert. The career record spans 5.9 years and includes 2 relevant product roles plus production, deployed. Recruiting viability is strong: 80% response, open to work, last active 2026-05-26; no major concern detected."
CAND_0064326,8,0.930960,"Operational fit signal: Sarvam AI's Search Engineer profile is shortlisted because Vector & hybrid search via Weaviate - 51 months - expert is backed by shipped, a/b. The career span is 7.6 years with 3 relevant product roles. Recruiting viability is strong: 94% response, open to work, last active 2026-05-21; primary concerns: 45-day notice."
CAND_0052682,9,0.925760,"Shortlist quality marker: Shortlist evidence for NLP Engineer at Aganitha centers on Python engineering via Python - 81 months - expert. The profile shows 6.6 years of work, serving, users, and 1 relevant product role. Recruiting viability is strong: 88% response, open to work, last active 2026-03-28; no major concern detected."
CAND_0041669,10,0.907600,"Applied AI evidence: Ranking confidence comes from Vector & hybrid search via Milvus - 76 months - expert plus delivery markers (serving, users). Recommendation Systems Engineer at CRED brings 8 years and 3 relevant product roles. Recruiting viability is strong: 77% response, open to work, last active 2026-04-06; primary concerns: 60-day notice."
CAND_0010685,11,0.893200,"Recruiting-practical match: Evidence quality is led by Python engineering via PyTorch - 83 months - expert. Current work as NLP Engineer at Rephrase.ai sits inside a 6.7-year path with production, shipped and 3 relevant product roles. Recruiting viability is strong: 83% response, open to work, last active 2026-03-16; no major concern detected."
CAND_0000031,12,0.890560,"Shortlist quality marker: 6 years at this level matter because Swiggy's Recommendation Systems Engineer record includes Vector & hybrid search via Pinecone - 88 months - expert, shipped, a/b, and 4 relevant product roles. Recruiting viability is strong: 91% response, open to work, last active 2026-05-24; primary concerns: 60-day notice."
CAND_0027691,13,0.878170,"Company-context evidence: The candidate's strongest verifiable thread is Vector & hybrid search via Weaviate - 73 months - expert. Current title is NLP Engineer at Haptik, with 6.5 years and 2 relevant product roles. Recruiting viability is strong: 68% response, open to work, last active 2026-03-31; no major concern detected."
CAND_0058688,14,0.874810,"Evidence trail summary: Recruiter-facing evidence starts with Python engineering via scikit-learn - 57 months - expert. Vedantu's AI Engineer profile has 6.7 years overall, production, serving, and 1 relevant product role. Recruiting viability is strong: 74% response, open to work, last active 2026-03-28; no major concern detected."
CAND_0046525,15,0.874530,"6.1-year product path: The profile's practical AI/search fit comes from Embeddings & semantic retrieval via Sentence Transformers - 74 months - expert. Senior Machine Learning Engineer at Genpact AI has 6.1 years total and 2 relevant product roles; delivery markers include serving, latency. Recruiting viability is strong: 88% response, open to work, last active 2026-05-23; primary concerns: missing evidence for Python engineering, 60-day notice."
CAND_0055905,16,0.872360,"Recruiter screen signal: 8.1 years at this level matter because Flipkart's Senior Machine Learning Engineer record includes Python engineering via Python - 45 months - expert, deployed, serving, and 3 relevant product roles. Recruiting viability is strong: 87% response, open to work, last active 2026-05-17; no major concern detected."
CAND_0005649,17,0.869060,"Career-signal synthesis: 7.4 years at this level matter because Sarvam AI's Senior Data Scientist record includes Python engineering via scikit-learn - 49 months - expert, production, shipped, and 3 relevant product roles. Availability is mixed: 57% response and last active 2026-04-14; primary concerns: 90-day notice."
CAND_0078002,18,0.867460,"Hiring-risk adjusted fit: Career trajectory is relevant because Machine Learning Engineer at Meta combines Python engineering via scikit-learn - 30 months - advanced with shipped, serving. Total experience is 6.3 years and product context is 3 relevant product roles. Recruiting viability is strong: 86% response, open to work, last active 2026-04-21; primary concerns: 60-day notice."
CAND_0081053,19,0.866820,"Availability-adjusted fit: Career trajectory is relevant because NLP Engineer at Glance combines Embeddings & semantic retrieval via Semantic Search - 84 months - expert with production, serving. Total experience is 5.4 years and product context is 1 relevant product role. Recruiting viability is strong: 83% response, open to work, last active 2026-03-31; primary concerns: 90-day notice."
CAND_0050876,20,0.866640,"Career-signal synthesis: Ranking confidence comes from Embeddings & semantic retrieval via Sentence Transformers - 70 months - expert plus delivery markers (serving, users). Applied ML Engineer at Freshworks brings 6 years and 3 relevant product roles. Recruiting viability is strong: 67% response, open to work, last active 2026-05-26; primary concerns: 90-day notice."
CAND_0041610,21,0.865670,"Grounded match rationale: Vector & hybrid search via Elasticsearch - 94 months - expert is the strongest Senior AI Engineer signal in this 6.7-year profile. Recommendation Systems Engineer at Zoho also shows production, monitoring, with 3 relevant product roles. Availability is mixed: 52% response and last active 2026-05-14; primary concerns: missing evidence for Ranking evaluation."
CAND_0086022,22,0.863830,"Hiring-risk adjusted fit: For a founding Senior AI Engineer role, Python engineering via PyTorch - 94 months - expert is the key match. Senior Applied Scientist at Sarvam AI adds 5.3 years of experience, serving, latency, and 2 relevant product roles. Availability is mixed: 55% response and last active 2026-04-15; no major concern detected."
CAND_0083879,23,0.857600,"Redrob fit signal: Recruiter-facing evidence starts with Python engineering via scikit-learn - 39 months - expert. Ola's Machine Learning Engineer profile has 7.1 years overall, production, shipped, and 2 relevant product roles. Availability is mixed: 47% response and last active 2026-04-17; no major concern detected."
CAND_0017960,24,0.856890,"7.7-year product path: Shortlist evidence for Recommendation Systems Engineer at Nykaa centers on Vector & hybrid search via Qdrant - 45 months - expert. The profile shows 7.7 years of work, shipped, a/b, and 3 relevant product roles. Recruiting viability is strong: 72% response, open to work, last active 2026-04-27; primary concerns: 60-day notice."
CAND_0052328,25,0.856710,"Recommendation Systems Engineer shortlist case: Evidence quality is led by Vector & hybrid search via Vector Search - 53 months - expert. Current work as Recommendation Systems Engineer at Amazon sits inside a 6.5-year path with production, monitoring and 1 relevant product role. Recruiting viability is strong: 79% response, open to work, last active 2026-03-31; primary concerns: missing evidence for Ranking evaluation."
CAND_0064904,26,0.854000,"Career-context read: Shortlist evidence for AI Engineer at LinkedIn centers on Python engineering via Python - 52 months - expert. The profile shows 4.9 years of work, production, serving, and 1 relevant product role. Recruiting viability is strong: 78% response, open to work, last active 2026-03-17; primary concerns: 4.9 years versus 5-year target, 90-day notice."
CAND_0068811,27,0.853600,"Grounded match rationale: 8 years at this level matter because Freshworks's Applied ML Engineer record includes Vector & hybrid search via Pinecone - 86 months - expert, production, serving, and 3 relevant product roles. Availability is mixed: 42% response and last active 2026-05-21; no major concern detected."
CAND_0071974,28,0.853390,"Evidence trail summary: Evidence is not just keyword overlap: Vector & hybrid search via Elasticsearch - 96 months - expert is paired with production, deployed. The profile is a 7.8-year Senior AI Engineer at Netflix with 3 relevant product roles. Recruiting viability is strong: 76% response, open to work, last active 2026-04-16; primary concerns: missing evidence for Python engineering, 45-day notice."
CAND_0018549,29,0.853100,"Production-readiness signal: The role match is strongest where Python engineering via scikit-learn - 78 months - expert intersects with serving, users. Uber lists this candidate as Recommendation Systems Engineer, with 6.8 years and 2 relevant product roles. Recruiting viability is strong: 73% response, open to work, last active 2026-04-28; primary concerns: 60-day notice."
CAND_0088025,30,0.852680,"8.6-year product path: Shortlist evidence for Staff Machine Learning Engineer at Yellow.ai centers on Python engineering via Python - 63 months - expert. The profile shows 8.6 years of work, a/b, and 3 relevant product roles. Recruiting viability is strong: 83% response, open to work, last active 2026-05-14; primary concerns: 90-day notice."
CAND_0091909,31,0.841440,"Hands-on Machine Learning Engineer evidence: Evidence is not just keyword overlap: Embeddings & semantic retrieval via Sentence Transformers - 57 months - expert is paired with shipped, serving. The profile is a 6.9-year Machine Learning Engineer at Rephrase.ai with 2 relevant product roles. Recruiting viability is strong: 65% response, open to work, last active 2026-03-18; primary concerns: 45-day notice."
CAND_0096142,32,0.840820,"Technical delivery read: The profile's practical AI/search fit comes from Python engineering via Python - 72 months - expert. Applied ML Engineer at upGrad has 5 years total and 2 relevant product roles; delivery markers include shipped, serving. Recruiting viability is strong: 84% response, open to work, last active 2026-05-21; primary concerns: 120-day notice."
CAND_0011162,33,0.840320,"Hiring-risk adjusted fit: Recommendation Systems Engineer at upGrad brings 5.8 years of experience. The clearest match is Vector & hybrid search via FAISS - 94 months - expert; the record adds 3 relevant product roles and production, shipped. Recruiting viability is strong: 75% response, open to work, last active 2026-05-10; primary concerns: 90-day notice."
CAND_0095528,34,0.839090,"Current Netflix signal: Senior Data Scientist at Netflix earns this position through Python engineering via PyTorch - 45 months - expert. The career record spans 5.3 years and includes 2 relevant product roles plus production, serving. Availability is mixed: 55% response and last active 2026-05-03; primary concerns: 45-day notice."
CAND_0030031,35,0.836750,"5.7-year product path: The role match is strongest where Python engineering via scikit-learn - 86 months - expert intersects with production, shipped. Microsoft lists this candidate as AI Engineer, with 5.7 years and 2 relevant product roles. Availability is mixed: 94% response, not marked open to work, last active 2026-05-22; no major concern detected."
CAND_0008425,36,0.835850,"System-building thread: The strongest grounded signal is Python engineering via Python - 55 months - expert. In 7.8 years, this Ola Senior NLP Engineer profile also shows deployed, serving and 3 relevant product roles. Recruiting viability is strong: 66% response, open to work, last active 2026-04-25; primary concerns: 90-day notice."
CAND_0030348,37,0.830000,"Grounded match rationale: For a founding Senior AI Engineer role, Python engineering via Python - 94 months - expert is the key match. Machine Learning Engineer at BYJU'S adds 4.5 years of experience, serving, users, and 2 relevant product roles. Availability is mixed: 54% response and last active 2026-03-30; primary concerns: 4.5 years versus 5-year target, 45-day notice."
CAND_0075574,38,0.829070,"Hands-on Machine Learning Engineer evidence: Evidence is not just keyword overlap: Python engineering via scikit-learn - 93 months - expert is paired with shipped, a/b. The profile is a 5.7-year Machine Learning Engineer at Haptik with 2 relevant product roles. Availability is mixed: 58% response and last active 2026-05-17; primary concerns: 60-day notice."
CAND_0079284,39,0.824950,"Google role context: The practical hiring signal is Vector & hybrid search via Elasticsearch - 95 months - expert, supported by shipped, serving. Google's Machine Learning Engineer profile has 4.9 years overall and 2 relevant product roles. Availability is mixed: 79% response, not marked open to work, last active 2026-04-11; primary concerns: 4.9 years versus 5-year target."
CAND_0007412,40,0.824030,"Core requirement match: Applied ML Engineer at Zoho stands out through Python engineering via PyTorch - 74 months - expert. The 7.4-year career record pairs shipped, a/b with 3 relevant product roles. Recruiting viability is strong: 76% response, open to work, last active 2026-04-19; primary concerns: 120-day notice."
CAND_0099806,41,0.816250,"Grounded match rationale: Vector & hybrid search via Qdrant - 63 months - expert is the strongest Senior AI Engineer signal in this 4.6-year profile. AI Engineer at Mad Street Den also shows shipped, a/b, with 2 relevant product roles. Recruiting viability is strong: 76% response, open to work, last active 2026-05-05; primary concerns: 4.6 years versus 5-year target, missing evidence for Python engineering."
CAND_0005260,42,0.815670,"Recruiting-practical match: This profile connects Python engineering via Python - 43 months - expert with deployed, serving. Its 5.2-year path currently lands at Netflix as Senior NLP Engineer and shows 2 relevant product roles. Availability is mixed: 86% response, not marked open to work, last active 2026-05-10; primary concerns: 60-day notice."
CAND_0005538,43,0.814340,"Role-specific proof: Adobe's Senior AI Engineer profile is shortlisted because Python engineering via PyTorch - 74 months - expert is backed by production, shipped. The career span is 5.9 years with 2 relevant product roles. Recruiting viability is strong: 81% response, open to work, last active 2026-05-17; primary concerns: missing evidence for Vector & hybrid search, 90-day notice."
CAND_0065878,44,0.813120,"Niramai role context: Senior Data Scientist at Niramai stands out through Python engineering via scikit-learn - 46 months - expert. The 7.8-year career record pairs serving, users with 4 relevant product roles. Availability is mixed: 48% response and last active 2026-03-23; no major concern detected."
CAND_0061655,45,0.812500,"Machine Learning Engineer delivery record: Shortlist evidence for Machine Learning Engineer at Krutrim centers on Vector & hybrid search via Pinecone - 65 months - expert. The profile shows 4.6 years of work, serving, users, and 2 relevant product roles. Availability is mixed: 88% response, not marked open to work, last active 2026-05-21; primary concerns: 4.6 years versus 5-year target."
CAND_0042506,46,0.812000,"Recruiting-practical match: Career trajectory is relevant because Search Engineer at Verloop.io combines Vector & hybrid search via FAISS - 81 months - expert with serving, users. Total experience is 4.2 years and product context is 2 relevant product roles. Availability is mixed: 48% response and last active 2026-05-22; primary concerns: 4.2 years versus 5-year target."
CAND_0006418,47,0.809690,"Requirement-match signal: The strongest grounded signal is Embeddings & semantic retrieval via Embeddings - 71 months - expert. In 5.7 years, this Verloop.io Machine Learning Engineer profile also shows production, shipped and 1 relevant product role. Recruiting viability is strong: 92% response, open to work, last active 2026-03-31; primary concerns: missing evidence for Python engineering, 60-day notice."
CAND_0007009,48,0.807910,"Wysa product evidence: The ranking case is built on Python engineering via Python - 95 months - expert, not title alone. Recommendation Systems Engineer at Wysa has 7.9 years of experience plus 3 relevant product roles and no explicit production marker. Recruiting viability is strong: 62% response, open to work, last active 2026-03-19; primary concerns: missing evidence for Ranking evaluation."
CAND_0010257,49,0.804420,"Operational fit signal: Recruiter-facing evidence starts with Vector & hybrid search via Milvus - 72 months - expert. Google's Senior Data Scientist profile has 6.5 years overall, production, shipped, and 2 relevant product roles. Recruiting viability is strong: 72% response, open to work, last active 2026-05-13; primary concerns: 120-day notice."
CAND_0039383,50,0.802290,"Career-signal synthesis: Ranking confidence comes from Vector & hybrid search via FAISS - 67 months - expert plus delivery markers (shipped, a/b). Applied ML Engineer at Meesho brings 7.1 years and 3 relevant product roles. Recruiting viability is strong: 61% response, open to work, last active 2026-03-19; primary concerns: missing evidence for Python engineering, 90-day notice."
CAND_0053695,51,0.801700,"System relevance evidence: Evidence is not just keyword overlap: Embeddings & semantic retrieval via Embeddings - 77 months - expert is paired with shipped, a/b. The profile is a 5.8-year Recommendation Systems Engineer at Meesho with 3 relevant product roles. Recruiting viability is strong: 60% response, open to work, last active 2026-04-02; primary concerns: missing evidence for Python engineering."
CAND_0098846,52,0.800900,"Evidence trail summary: Recruiter-facing evidence starts with Vector & hybrid search via Qdrant - 95 months - expert. upGrad's AI Engineer profile has 7.6 years overall, production, monitoring, and 3 relevant product roles. Recruiting viability is strong: 62% response, open to work, last active 2026-04-23; primary concerns: missing evidence for Python engineering, 45-day notice."
CAND_0039838,53,0.799190,"Career delivery proof: Recommendation Systems Engineer at Amazon brings 4.9 years of experience. The clearest match is Vector & hybrid search via Vector Search - 93 months - expert; the record adds 2 relevant product roles and production, shipped. Recruiting viability is strong: 80% response, open to work, last active 2026-04-21; primary concerns: 4.9 years versus 5-year target, 90-day notice."
CAND_0054123,54,0.798920,"Career-context read: Recruiter-facing evidence starts with Vector & hybrid search via Qdrant - 75 months - expert. Meta's Applied ML Engineer profile has 4.7 years overall, serving, users, and 2 relevant product roles. Availability is mixed: 87% response, not marked open to work, last active 2026-05-08; primary concerns: 4.7 years versus 5-year target, 60-day notice."
CAND_0013613,55,0.796930,"Role-specific proof: Machine Learning Engineer at Adobe stands out through Python engineering via scikit-learn - 49 months - expert. The 4.7-year career record pairs shipped, serving with 3 relevant product roles. Recruiting viability is strong: 73% response, open to work, last active 2026-03-23; primary concerns: 4.7 years versus 5-year target, 60-day notice."
CAND_0049896,56,0.793260,"Search Engineer shortlist case: The ranking case is built on Python engineering via PyTorch - 58 months - advanced, not title alone. Search Engineer at Unacademy has 7.3 years of experience plus 2 relevant product roles and serving, users. Availability is mixed: 43% response and last active 2026-05-17; primary concerns: 90-day notice."
CAND_0075249,57,0.792000,"Evidence trail summary: The role match is strongest where Vector & hybrid search via Pinecone - 80 months - expert intersects with serving, users. Zomato lists this candidate as Applied ML Engineer, with 6.2 years and 2 relevant product roles. Recruiting viability is strong: 82% response, open to work, last active 2026-04-09; primary concerns: missing evidence for Python engineering, 45-day notice."
CAND_0050454,58,0.790580,"Availability-adjusted fit: For a founding Senior AI Engineer role, Python engineering via scikit-learn - 88 months - expert is the key match. AI Engineer at Rephrase.ai adds 6.8 years of experience, no explicit production marker, and 3 relevant product roles. Recruiting viability is strong: 77% response, open to work, last active 2026-04-27; primary concerns: missing evidence for Ranking evaluation."
CAND_0061339,59,0.782190,"Company-context evidence: The profile's practical AI/search fit comes from Vector & hybrid search via Milvus - 70 months - expert. Search Engineer at Rephrase.ai has 4.2 years total and 3 relevant product roles; delivery markers include shipped, serving. Recruiting viability is strong: 90% response, open to work, last active 2026-04-06; primary concerns: 4.2 years versus 5-year target, missing evidence for Python engineering, 90-day notice."
CAND_0077285,60,0.780950,"Redrob fit signal: Recommendation Systems Engineer at Nykaa earns this position through Embeddings & semantic retrieval via Sentence Transformers - 66 months - expert. The career record spans 5.5 years and includes 1 relevant product role plus production, shipped. Availability is mixed: 56% response and last active 2026-05-03; primary concerns: missing evidence for Python engineering, 60-day notice."
CAND_0080766,61,0.776670,"Production-readiness signal: The role match is strongest where Python engineering via Python - 53 months - expert intersects with production, shipped. Salesforce lists this candidate as Staff Machine Learning Engineer, with 8.8 years and 3 relevant product roles. Availability is mixed: 66% response, not marked open to work, last active 2026-04-09; no major concern detected."
CAND_0006567,62,0.775290,"Hiring-risk adjusted fit: 7.9 years at this level matter because Meta's Senior AI Engineer record includes Python engineering via Python - 68 months - expert, shipped, users, and 2 relevant product roles. Recruiting viability is strong: 79% response, open to work, last active 2026-05-03; primary concerns: missing evidence for Embeddings & semantic retrieval, 60-day notice."
CAND_0065195,63,0.775160,"Technical delivery read: Ranking confidence comes from Python engineering via scikit-learn - 74 months - expert plus delivery markers (production, monitoring). Search Engineer at CRED brings 5.1 years and 1 relevant product role. Recruiting viability is strong: 80% response, open to work, last active 2026-05-24; primary concerns: missing evidence for Ranking evaluation, 45-day notice."
CAND_0081686,64,0.773430,"Requirement-match signal: Search Engineer at Netflix earns this position through Python engineering via Python - 78 months - expert. The career record spans 6 years and includes 3 relevant product roles plus serving, users. Availability is mixed: 91% response, not marked open to work, last active 2026-04-25; primary concerns: 60-day notice."
CAND_0058575,65,0.772560,"Technical delivery read: The practical hiring signal is Embeddings & semantic retrieval via Sentence Transformers - 45 months - expert, supported by production, monitoring. Krutrim's AI Engineer profile has 5.8 years overall and 3 relevant product roles. Recruiting viability is strong: 69% response, open to work, last active 2026-04-05; primary concerns: 90-day notice."
CAND_0036184,66,0.769600,"Hands-on Recommendation Systems Engineer evidence: The profile's practical AI/search fit comes from Python engineering via PyTorch - 77 months - expert. Recommendation Systems Engineer at CRED has 6 years total and 2 relevant product roles; delivery markers include no explicit production marker. Recruiting viability is strong: 90% response, open to work, last active 2026-05-26; primary concerns: missing evidence for Ranking evaluation."
CAND_0074225,67,0.769490,"Career-signal synthesis: Evidence quality is led by Python engineering via Python - 71 months - expert. Current work as Machine Learning Engineer at Unacademy sits inside a 4.3-year path with shipped, a/b and 1 relevant product role. Recruiting viability is strong: 91% response, open to work, last active 2026-05-20; primary concerns: 4.3 years versus 5-year target, 120-day notice."
CAND_0009024,68,0.768680,"Evidence-first ranking: Recruiter-facing evidence starts with Vector & hybrid search via OpenSearch - 90 months - expert. Google's Search Engineer profile has 5.2 years overall, serving, users, and 2 relevant product roles. Availability is mixed: 46% response and last active 2026-04-09; no major concern detected."
CAND_0069905,69,0.767630,"Applied ML Engineer delivery record: Applied ML Engineer at Sarvam AI earns this position through Python engineering via Python - 42 months - expert. The career record spans 6.6 years and includes 2 relevant product roles plus no explicit production marker. Recruiting viability is strong: 78% response, open to work, last active 2026-04-21; primary concerns: 90-day notice."
CAND_0040117,70,0.767530,"Requirement-match signal: This profile connects Embeddings & semantic retrieval via Embeddings - 63 months - expert with serving, users. Its 6.5-year path currently lands at PhonePe as Recommendation Systems Engineer and shows 1 relevant product role. Recruiting viability is strong: 66% response, open to work, last active 2026-03-17; primary concerns: missing evidence for Python engineering."
CAND_0054394,71,0.765770,"Recruiter screen signal: The candidate's strongest verifiable thread is Python engineering via scikit-learn - 95 months - expert. Current title is Recommendation Systems Engineer at PharmEasy, with 4.1 years and 2 relevant product roles. Recruiting viability is strong: 64% response, open to work, last active 2026-05-04; primary concerns: 4.1 years versus 5-year target."
CAND_0076831,72,0.765610,"Candidate evidence stack: The candidate's strongest verifiable thread is Python engineering via PyTorch - 40 months - expert. Current title is Search Engineer at Krutrim, with 4 years and 2 relevant product roles. Availability is mixed: 50% response and last active 2026-05-14; primary concerns: 4 years versus 5-year target, 90-day notice."
CAND_0093912,73,0.764130,"Career-signal synthesis: 5.3 years at this level matter because Razorpay's Senior Data Scientist record includes Vector & hybrid search via Vector Search - 80 months - expert, no explicit production marker, and 3 relevant product roles. Recruiting viability is strong: 66% response, open to work, last active 2026-05-11; primary concerns: missing evidence for Ranking evaluation."
CAND_0011327,74,0.761480,"Career-context read: AI Research Engineer at Krutrim stands out through Python engineering support from career-history evidence for Python/ML framework usage. The 6.3-year career record pairs production, serving with 2 relevant product roles. Recruiting viability is strong: 79% response, open to work, last active 2026-05-25; primary concerns: missing evidence for Ranking evaluation, 60-day notice."
CAND_0043860,75,0.760430,"Role-specific proof: Aganitha's Junior ML Engineer profile is shortlisted because Embeddings & semantic retrieval via Semantic Search - 44 months - advanced is backed by production. The career span is 6.1 years with 1 relevant product role. Recruiting viability is strong: 81% response, open to work, last active 2026-05-26; primary concerns: missing evidence for Ranking evaluation."
CAND_0060054,76,0.759560,"Career delivery proof: Recruiter-facing evidence starts with Embeddings & semantic retrieval via Semantic Search - 70 months - expert. Mad Street Den's AI Engineer profile has 6.4 years overall, shipped, serving, and 3 relevant product roles. Availability is mixed: 86% response, not marked open to work, last active 2026-03-17; primary concerns: missing evidence for Python engineering."
CAND_0044883,77,0.758210,"System-building thread: The role match is strongest where Python engineering via PyTorch - 86 months - expert intersects with production, shipped. Mad Street Den lists this candidate as AI Engineer, with 6.3 years and 3 relevant product roles. Availability is mixed: 84% response, not marked open to work, last active 2026-05-07; primary concerns: 90-day notice."
CAND_0042029,78,0.758140,"System-building thread: Career trajectory is relevant because Senior Data Scientist at Flipkart combines Python engineering via PyTorch - 90 months - expert with shipped, a/b. Total experience is 6.5 years and product context is 1 relevant product role. Availability is mixed: 67% response, not marked open to work, last active 2026-04-13; primary concerns: 45-day notice."
CAND_0066376,79,0.757710,"Dream11 product evidence: Evidence is not just keyword overlap: Vector & hybrid search via FAISS - 84 months - expert is paired with serving, users. The profile is a 5.7-year Applied ML Engineer at Dream11 with 2 relevant product roles. Availability is mixed: 51% response and last active 2026-05-03; primary concerns: missing evidence for Python engineering, 90-day notice."
CAND_0037944,80,0.756170,"Senior Data Scientist delivery record: The role match is strongest where Python engineering via Python - 96 months - expert intersects with shipped, a/b. Vedantu lists this candidate as Senior Data Scientist, with 4.9 years and 1 relevant product role. Availability is mixed: 42% response and last active 2026-03-22; primary concerns: 4.9 years versus 5-year target."
CAND_0009691,81,0.755550,"Requirement-match signal: The candidate's strongest verifiable thread is Vector & hybrid search via Qdrant - 63 months - expert. Current title is Applied ML Engineer at LinkedIn, with 6.2 years and 3 relevant product roles. Recruiting viability is strong: 64% response, open to work, last active 2026-05-16; primary concerns: 120-day notice."
CAND_0031593,82,0.755160,"Operational fit signal: Genpact AI's Search Engineer profile is shortlisted because Embeddings & semantic retrieval via Embeddings - 94 months - expert is backed by serving, users. The career span is 7.8 years with 2 relevant product roles. Availability is mixed: 58% response and last active 2026-03-19; primary concerns: missing evidence for Python engineering, 90-day notice."
CAND_0022023,83,0.753250,"Availability-adjusted fit: AI Research Engineer at Saarthi.ai earns this position through Python engineering support from career-history evidence for Python/ML framework usage. The career record spans 4.6 years and includes 2 relevant product roles plus production, serving. Availability is mixed: 47% response and last active 2026-05-19; primary concerns: 4.6 years versus 5-year target, missing evidence for Ranking evaluation, 60-day notice."
CAND_0078042,84,0.749840,"Candidate evidence stack: PolicyBazaar's Applied ML Engineer profile is shortlisted because Python engineering via PyTorch - 38 months - expert is backed by shipped, a/b. The career span is 4.7 years with 2 relevant product roles. Availability is mixed: 91% response, not marked open to work, last active 2026-04-24; primary concerns: 4.7 years versus 5-year target."
CAND_0018722,85,0.747830,"Recommendation Systems Engineer shortlist case: Evidence quality is led by Python engineering via Python - 51 months - expert. Current work as Recommendation Systems Engineer at Saarthi.ai sits inside a 6.6-year path with no explicit production marker and 3 relevant product roles. Recruiting viability is strong: 79% response, open to work, last active 2026-04-24; primary concerns: 90-day notice."
CAND_0061265,86,0.747370,"Recommendation Systems Engineer shortlist case: Evidence quality is led by Embeddings & semantic retrieval via Embeddings - 57 months - expert. Current work as Recommendation Systems Engineer at Zoho sits inside a 6.6-year path with production, monitoring and 2 relevant product roles. Recruiting viability is strong: 94% response, open to work, last active 2026-03-25; primary concerns: missing evidence for Ranking evaluation, 120-day notice."
CAND_0042100,87,0.744100,"Recruiting-practical match: The role match is strongest where Vector & hybrid search via Pinecone - 69 months - expert intersects with shipped, a/b. Freshworks lists this candidate as Machine Learning Engineer, with 7.3 years and 2 relevant product roles. Recruiting viability is strong: 87% response, open to work, last active 2026-03-23; primary concerns: 90-day notice."
CAND_0061257,88,0.742180,"LinkedIn AI trajectory: LinkedIn's Staff Machine Learning Engineer profile is shortlisted because Python engineering via Python - 72 months - expert is backed by production, users. The career span is 8 years with 2 relevant product roles. Recruiting viability is strong: 87% response, open to work, last active 2026-04-16; primary concerns: missing evidence for Embeddings & semantic retrieval."
CAND_0044222,89,0.739830,"Skill-depth evidence: AI Engineer at PolicyBazaar stands out through Vector & hybrid search via OpenSearch - 75 months - expert. The 7.7-year career record pairs shipped, a/b with 2 relevant product roles. Recruiting viability is strong: 60% response, open to work, last active 2026-05-15; primary concerns: missing evidence for Python engineering, 60-day notice."
CAND_0011432,90,0.739730,"Recruiting-practical match: Senior Data Scientist at Amazon brings 7.6 years of experience. The clearest match is Vector & hybrid search via OpenSearch - 59 months - advanced; the record adds 2 relevant product roles and shipped, a/b. Recruiting viability is strong: 67% response, open to work, last active 2026-03-16; primary concerns: missing evidence for Python engineering, 60-day notice."
CAND_0037980,91,0.739620,"Senior Applied Scientist shortlist case: The role match is strongest where Python engineering via PyTorch - 63 months - expert intersects with production, shipped. Niramai lists this candidate as Senior Applied Scientist, with 9 years and 3 relevant product roles. Recruiting viability is strong: 63% response, open to work, last active 2026-03-28; primary concerns: missing evidence for Embeddings & semantic retrieval."
CAND_0057563,92,0.738060,"System-building thread: Ranking confidence comes from Embeddings & semantic retrieval support from career-history evidence for semantic retrieval work plus delivery markers (serving, users). NLP Engineer at Locobuzz brings 6.8 years and 3 relevant product roles. Availability is mixed: 83% response, not marked open to work, last active 2026-04-21; primary concerns: missing evidence for Python engineering, 60-day notice."
CAND_0026532,93,0.731290,"4.8-year senior fit: For a founding Senior AI Engineer role, Vector & hybrid search via Milvus - 60 months - expert is the key match. Recommendation Systems Engineer at Zomato adds 4.8 years of experience, serving, users, and 2 relevant product roles. Availability is mixed: 52% response and last active 2026-03-28; primary concerns: 4.8 years versus 5-year target, missing evidence for Python engineering, 90-day notice."
CAND_0062413,94,0.729820,"Operational fit signal: The ranking case is built on Vector & hybrid search via OpenSearch - 29 months - advanced, not title alone. AI Research Engineer at upGrad has 6.6 years of experience plus 2 relevant product roles and production. Recruiting viability is strong: 71% response, open to work, last active 2026-04-06; primary concerns: missing evidence for Ranking evaluation, 60-day notice."
CAND_0004402,95,0.729030,"Evidence-first ranking: The practical hiring signal is Python engineering via PyTorch - 32 months - advanced, supported by production. Yellow.ai's AI Research Engineer profile has 6 years overall and 1 relevant product role. Recruiting viability is strong: 83% response, open to work, last active 2026-05-25; primary concerns: missing evidence for Ranking evaluation, 60-day notice."
CAND_0027801,96,0.726740,"Evidence-first ranking: For a founding Senior AI Engineer role, Vector & hybrid search via FAISS - 80 months - expert is the key match. NLP Engineer at InMobi adds 7.4 years of experience, production, monitoring, and 2 relevant product roles. Recruiting viability is strong: 65% response, open to work, last active 2026-04-12; primary concerns: 120-day notice."
CAND_0070398,97,0.726600,"Genpact AI AI trajectory: The role match is strongest where Vector & hybrid search via FAISS - 90 months - expert intersects with shipped, a/b. Genpact AI lists this candidate as Machine Learning Engineer, with 7.2 years and 3 relevant product roles. Recruiting viability is strong: 60% response, open to work, last active 2026-04-14; primary concerns: 120-day notice."
CAND_0053591,98,0.726000,"Career-context read: Shortlist evidence for AI Engineer at Ola centers on Embeddings & semantic retrieval via Sentence Transformers - 63 months - expert. The profile shows 5.3 years of work, shipped, a/b, and 1 relevant product role. Recruiting viability is strong: 81% response, open to work, last active 2026-05-17; primary concerns: missing evidence for Python engineering, 60-day notice."
CAND_0045250,99,0.724000,"Shortlist quality marker: The ranking case is built on Vector & hybrid search via Vector Search - 82 months - expert, not title alone. Applied ML Engineer at Rephrase.ai has 6.6 years of experience plus 1 relevant product role and production, shipped. Availability is mixed: 74% response, not marked open to work, last active 2026-04-29; primary concerns: missing evidence for Python engineering."
CAND_0048558,100,0.723160,"Requirement-match signal: The practical hiring signal is Vector & hybrid search via Qdrant - 42 months - advanced, supported by production, serving. Rephrase.ai's Data Scientist profile has 6.7 years overall and 1 relevant product role. Recruiting viability is strong: 80% response, open to work, last active 2026-05-27; primary concerns: missing evidence for Embeddings & semantic retrieval."
